{
 "seo_category_infos": [
  [
   "Beauty",
   "beauty"
  ],
  [
   "Dance & Performance",
   "dance_and_performance"
  ],
  [
   "Fitness",
   "fitness"
  ],
  [
   "Food & Drink",
   "food_and_drink"
  ],
  [
   "Home & Garden",
   "home_and_garden"
  ],
  [
   "Music",
   "music"
  ],
  [
   "Visual Arts",
   "visual_arts"
  ]
 ],
 "logging_page_id": "profilePage_3031455437",
 "show_suggested_profiles": false,
 "graphql": {
  "user": {
   "biography": "@sems.werk is interessanter",
   "bio_links": [],
   "biography_with_entities": {
    "raw_text": "@sems.werk is interessanter",
    "entities": [
     {
      "user": {
       "username": "sems.werk"
      },
      "hashtag": null
     }
    ]
   },
   "blocked_by_viewer": false,
   "restricted_by_viewer": null,
   "country_block": false,
   "external_url": null,
   "external_url_linkshimmed": null,
   "edge_followed_by": {
    "count": 255
   },
   "fbid": "17841403103128931",
   "followed_by_viewer": false,
   "edge_follow": {
    "count": 597
   },
   "follows_viewer": false,
   "full_name": "Sem van Woezik",
   "group_metadata": null,
   "has_ar_effects": false,
   "has_clips": false,
   "has_guides": false,
   "has_channel": false,
   "has_blocked_viewer": false,
   "highlight_reel_count": 0,
   "has_requested_viewer": false,
   "hide_like_and_view_counts": false,
   "id": "3031455437",
   "is_business_account": false,
   "is_professional_account": false,
   "is_supervision_enabled": false,
   "is_guardian_of_viewer": false,
   "is_supervised_by_viewer": false,
   "is_supervised_user": false,
   "is_embeds_disabled": false,
   "is_joined_recently": false,
   "guardian_id": null,
   "business_address_json": null,
   "business_contact_method": "UNKNOWN",
   "business_email": null,
   "business_phone_number": null,
   "business_category_name": null,
   "overall_category_name": null,
   "category_enum": null,
   "category_name": null,
   "is_private": true,
   "is_verified": false,
   "edge_mutual_followed_by": {
    "count": 0,
    "edges": []
   },
   "profile_pic_url": "https://scontent-lax3-2.cdninstagram.com/v/t51.2885-19/330198179_1342864566271659_3023023638738041351_n.jpg?stp=dst-jpg_s150x150&_nc_ht=scontent-lax3-2.cdninstagram.com&_nc_cat=103&_nc_ohc=8JU9DwSzzyoAX8Q5U4m&edm=AKEQFekBAAAA&ccb=7-5&oh=00_AfCYB1-SdUMJrWct_C3bPgZX8SONLSbhzjEurHfXm16HXQ&oe=640C8588&_nc_sid=035b3a",
   "profile_pic_url_hd": "https://scontent-lax3-2.cdninstagram.com/v/t51.2885-19/330198179_1342864566271659_3023023638738041351_n.jpg?stp=dst-jpg_s320x320&_nc_ht=scontent-lax3-2.cdninstagram.com&_nc_cat=103&_nc_ohc=8JU9DwSzzyoAX8Q5U4m&edm=AKEQFekBAAAA&ccb=7-5&oh=00_AfBT0CIIcGwBiSNFXc71z5n7Okrjw3Wz5nnJ3GFIDn1G2Q&oe=640C8588&_nc_sid=035b3a",
   "requested_by_viewer": false,
   "should_show_category": false,
   "should_show_public_contacts": false,
   "transparency_label": null,
   "transparency_product": "STATE_CONTROLLED_MEDIA",
   "username": "semvanwoezik",
   "connected_fb_page": null,
   "pronouns": [],
   "edge_felix_video_timeline": {
    "count": 0,
    "page_info": {
     "has_next_page": false,
     "end_cursor": null
    },
    "edges": []
   },
   "edge_owner_to_timeline_media": {
    "count": 5,
    "page_info": {
     "has_next_page": false,
     "end_cursor": ""
    },
    "edges": []
   },
   "edge_saved_media": {
    "count": 0,
    "page_info": {
     "has_next_page": false,
     "end_cursor": null
    },
    "edges": []
   },
   "edge_media_collections": {
    "count": 0,
    "page_info": {
     "has_next_page": false,
     "end_cursor": null
    },
    "edges": []
   },
   "edge_related_profiles": {
    "edges": []
   }
  }
 },
 "toast_content_on_load": null,
 "show_qr_modal": false,
 "show_view_shop": false
}